<?xml version="1.0" encoding="UTF-8"?>

<channel name="xfce4-screensaver" version="1.0">
  <property name="saver" type="empty">
    <property name="mode" type="int" value="0"/>
    <property name="enabled" type="bool" value="false"/>
  </property>
  <property name="lock" type="empty">
    <property name="enabled" type="bool" value="false"/>
    <property name="saver-activation" type="empty">
      <property name="delay" type="int" value="1440"/>
      <property name="enabled" type="bool" value="false"/>
    </property>
    <property name="logout" type="empty">
      <property name="enabled" type="bool" value="false"/>
      <property name="delay" type="int" value="1440"/>
    </property>
    <property name="status-messages" type="empty">
      <property name="enabled" type="bool" value="false"/>
    </property>
  </property>
</channel>
