<?xml version="1.0" encoding="UTF-8"?>

<channel name="xfce4-panel" version="1.0">
  <property name="configver" type="int" value="2"/>
  <property name="panels" type="array">
    <value type="int" value="1"/>
    <property name="dark-mode" type="bool" value="true"/>
    <property name="panel-1" type="empty">
      <property name="position" type="string" value="p=6;x=0;y=0"/>
      <property name="length" type="uint" value="100"/>
      <property name="position-locked" type="bool" value="true"/>
      <property name="icon-size" type="uint" value="17"/>
      <property name="size" type="uint" value="25"/>
      <property name="plugin-ids" type="array">
        <value type="int" value="7"/>
        <value type="int" value="2"/>
        <value type="int" value="3"/>
        <value type="int" value="5"/>
        <value type="int" value="6"/>
        <value type="int" value="8"/>
        <value type="int" value="9"/>
        <value type="int" value="11"/>
        <value type="int" value="12"/>
        <value type="int" value="24"/>
        <value type="int" value="23"/>
        <value type="int" value="13"/>
        <value type="int" value="14"/>
        <value type="int" value="10"/>
      </property>
    </property>
  </property>
  <property name="plugins" type="empty">
    <property name="plugin-2" type="string" value="tasklist">
      <property name="grouping" type="uint" value="0"/>
      <property name="show-handle" type="bool" value="true"/>
      <property name="show-labels" type="bool" value="true"/>
      <property name="flat-buttons" type="bool" value="true"/>
      <property name="sort-order" type="uint" value="2"/>
      <property name="show-only-minimized" type="bool" value="false"/>
      <property name="include-all-workspaces" type="bool" value="false"/>
      <property name="show-wireframes" type="bool" value="false"/>
      <property name="switch-workspace-on-unminimize" type="bool" value="true"/>
    </property>
    <property name="plugin-3" type="string" value="separator">
      <property name="expand" type="bool" value="true"/>
      <property name="style" type="uint" value="0"/>
    </property>
    <property name="plugin-5" type="string" value="separator">
      <property name="style" type="uint" value="0"/>
    </property>
    <property name="plugin-6" type="string" value="systray">
      <property name="square-icons" type="bool" value="true"/>
      <property name="known-legacy-items" type="array">
        <value type="string" value="miniaplicación gestor de la red"/>
      </property>
      <property name="icon-size" type="int" value="22"/>
      <property name="known-items" type="array">
        <value type="string" value="TelegramDesktop"/>
      </property>
    </property>
    <property name="plugin-8" type="string" value="pulseaudio">
      <property name="enable-keyboard-shortcuts" type="bool" value="true"/>
      <property name="show-notifications" type="bool" value="true"/>
    </property>
    <property name="plugin-9" type="string" value="power-manager-plugin"/>
    <property name="plugin-11" type="string" value="separator">
      <property name="style" type="uint" value="0"/>
    </property>
    <property name="plugin-12" type="string" value="clock">
      <property name="digital-format" type="string" value="%d %b, %I:%M %p"/>
    </property>
    <property name="plugin-13" type="string" value="separator">
      <property name="style" type="uint" value="0"/>
    </property>
    <property name="plugin-14" type="string" value="actions"/>
    <property name="plugin-7" type="string" value="whiskermenu"/>
    <property name="plugin-10" type="string" value="separator">
      <property name="style" type="uint" value="0"/>
    </property>
    <property name="plugin-23" type="string" value="separator">
      <property name="style" type="uint" value="2"/>
    </property>
    <property name="plugin-24" type="string" value="separator">
      <property name="expand" type="bool" value="false"/>
      <property name="style" type="uint" value="0"/>
    </property>
  </property>
</channel>
