<?xml version="1.0" encoding="UTF-8"?>

<channel name="xfce4-power-manager" version="1.0">
  <property name="xfce4-power-manager" type="empty">
    <property name="show-tray-icon" type="bool" value="false"/>
    <property name="inactivity-sleep-mode-on-ac" type="uint" value="2"/>
    <property name="dpms-on-ac-sleep" type="uint" value="60"/>
    <property name="blank-on-ac" type="int" value="60"/>
    <property name="dpms-on-ac-off" type="uint" value="60"/>
    <property name="dpms-enabled" type="bool" value="false"/>
    <property name="lock-screen-suspend-hibernate" type="bool" value="false"/>
    <property name="logind-handle-lid-switch" type="bool" value="false"/>
    <property name="inactivity-on-ac" type="uint" value="350"/>
  </property>
</channel>
